"First Name","Last Name",Birthday,Country,City
Ludwig,Turcotte,2019-02-18,Bahamas,"Port Jaydeland"
Florencio,Hamill,2023-06-01,Mauritania,Pollyton
Tevin,Bailey,1975-07-08,"Saint Barthelemy","Lake Sheridanton"
Clifford,Bartoletti,2017-10-26,Netherlands,Nolanmouth
Celia,Kris,1978-02-28,Korea,Christiansenburgh
Devonte,Davis,2014-04-09,"Antigua and Barbuda",Kuhnburgh
Georgette,Price,2007-11-03,Finland,Melvinaland
Eliane,Murray,1984-02-01,Ethiopia,"New Judemouth"
Taylor,Monahan,2019-05-14,Singapore,"Port Tremayneton"
Abagail,Nikolaus,1996-10-23,Haiti,"Port Maximusberg"
Brandon,Bartell,1980-01-26,Paraguay,"North Edgardo"
Heloise,Mayert,2014-02-11,"San Marino","South Shaniaport"
Ayla,Hane,1974-09-19,Liechtenstein,"South Filomena"
Carroll,Pacocha,2020-02-16,Zimbabwe,Alexandrashire
Tania,Streich,1996-11-28,"Holy See (Vatican City State)","North Giovaniside"
Gail,Lubowitz,2009-06-09,Montenegro,"North Newton"
Malcolm,Kirlin,1971-10-16,Barbados,"Port Xavier"
Koby,Kulas,1986-07-22,Brazil,Fredachester
Reese,Kuhn,1992-10-14,Lebanon,"South Jesusbury"
Nickolas,Rippin,2002-05-22,"Antarctica (the territory South of 60 deg S)",Marianland
Kellen,Wolff,1989-03-26,Nicaragua,"New Malvinaside"
Kody,Schamberger,2007-03-03,"British Virgin Islands",Samirshire
Cordell,Bayer,2019-02-12,Peru,Jarenstad
Jean,Johns,2011-03-06,Venezuela,Gleichnerville
Libbie,Ondricka,1997-09-03,Hungary,"West Eve"
Victoria,Powlowski,1988-07-13,Rwanda,Lydialand
Ruth,Stokes,1984-05-29,"American Samoa",Macfurt
Archibald,Mayert,2019-05-11,"Wallis and Futuna","North Christine"
Kale,Kovacek,1970-07-20,Guadeloupe,"East Martine"
Ubaldo,Lebsack,1983-07-22,Montserrat,"West Svenville"
Rose,Schroeder,1993-01-09,"Libyan Arab Jamahiriya",Padbergside
Kirstin,Kerluke,2005-09-02,Qatar,"West Bryon"
Buck,Jerde,2002-06-25,"Saint Kitts and Nevis","Lake Mable"
Lorna,Tromp,1982-11-06,"Equatorial Guinea","South Novella"
Emmet,Auer,2019-07-11,Paraguay,Joelport
Rocio,Schowalter,1989-02-27,Nigeria,Yundtburgh
Jayden,Eichmann,1990-11-15,Germany,Veronicaborough
Wilfredo,Metz,1970-04-13,"El Salvador","Port Lolafurt"
Jacky,Cummerata,1980-11-24,Bolivia,Schimmelville
Katlyn,Spencer,2022-11-30,Algeria,"South Austen"
Forrest,Welch,2020-11-27,Suriname,Kochhaven
Aleen,Barton,1976-01-18,"Norfolk Island",Aufderharville
Aurelia,Kilback,2000-11-06,"Slovakia (Slovak Republic)",Monahanton
Barney,Erdman,1983-04-06,Croatia,"South Mitchel"
Ariel,Beier,1971-07-22,Lesotho,"East Justen"
Zetta,Steuber,2019-07-31,"Puerto Rico","South Marcellusbury"
Bette,Rutherford,1972-10-16,"Pitcairn Islands",Romagueraton
Waino,Heathcote,2012-03-16,Swaziland,"North Aubree"
Malcolm,Zulauf,1999-04-04,Chile,Gradyburgh
Dulce,Beatty,1986-06-16,Turkey,McLaughlinville
Zakary,Kulas,1991-07-04,Ukraine,Cummeratamouth
Erling,Lemke,1998-03-03,Kenya,Irwinhaven
Haskell,Erdman,1976-06-29,"Cote d'Ivoire","Lake Milo"
Isabella,Buckridge,1977-11-06,"New Caledonia","New Demetris"
Fabiola,Paucek,2004-05-15,Venezuela,"New Fay"
Francesca,Hahn,1979-04-26,Bolivia,Maximillianburgh
Vivienne,Welch,1985-09-07,Slovenia,Anabelleborough
Junius,Hoppe,2008-04-20,"Saint Martin","Lake Melvina"
Allison,Christiansen,2013-07-17,Croatia,"Lake Wadeside"
Aurelio,DuBuque,1983-01-23,"Lao People's Democratic Republic",Alisonfort
Bette,Barrows,2021-01-21,Niger,Larissachester
Jason,Watsica,1997-11-11,Netherlands,Bobbiechester
Ursula,Cruickshank,2004-08-27,Philippines,Wilsonburgh
Urban,Walsh,2003-12-25,Niue,"West Katharinatown"
Beverly,Lind,2009-07-11,"Saint Martin",Hansenmouth
Cordia,Conroy,1985-01-17,Mozambique,"East Waldo"
Beth,Hermann,1979-07-01,"Cocos (Keeling) Islands","Port Briana"
Jeromy,Wiegand,1979-12-01,Turkmenistan,Schadenville
Freddy,Grimes,1997-07-26,Croatia,Cordeliaview
Juston,Lowe,2006-10-23,Moldova,"Port Herminatown"
Ned,Witting,2014-02-24,"Cape Verde",Hanemouth
Katherine,Kemmer,1977-11-02,"Saint Kitts and Nevis","North Esther"
Pearlie,Gibson,1978-05-19,"Saint Barthelemy",Brittanychester
Lesley,Lang,1999-02-16,Iceland,"Lake Liliana"
Kayli,Roberts,1976-04-01,Tonga,"North Rosemarietown"
Aglae,Schneider,2000-07-24,Montserrat,Jazminfurt
Buck,Steuber,1984-09-07,"Svalbard & Jan Mayen Islands",Greenchester
Wilhelmine,Stroman,1992-05-18,Japan,"West Catalina"
Nyasia,Kihn,1997-02-10,Lithuania,"Lake Lucio"
Barry,Ledner,2004-07-26,Aruba,"Port Christinemouth"
Ivah,Schneider,2000-10-21,Gabon,Nikkoland
Kiel,Kunde,1985-01-07,Oman,"Port Emerson"
Damien,Stoltenberg,2008-10-15,"United States Virgin Islands",Velmamouth
Vincenza,McLaughlin,2000-04-28,Suriname,"South Alysa"
Carson,Strosin,2020-02-10,Luxembourg,"Lake Isaiton"
Elisa,Johns,1984-11-27,Switzerland,"Lake Karlie"
Lavina,Wuckert,2021-04-08,"Central African Republic",Garrettburgh
Cole,Reynolds,1980-05-01,Jordan,"North Stanfordville"
Wilhelm,Kautzer,2012-06-14,"Saint Pierre and Miquelon","West Rachael"
Gabe,Schuppe,1992-01-10,Argentina,"East Laney"
Rebecca,Romaguera,1974-04-24,Cyprus,"South Veronicafurt"
Desiree,Beahan,1994-06-18,"Kyrgyz Republic","Port Aronborough"
Stephany,Schinner,2009-10-15,Hungary,Weberborough
Jayce,Swaniawski,1976-10-14,Kenya,Batzfort
Karley,Goodwin,1986-11-20,"New Zealand","Port Kattie"
Alisa,Wilkinson,1981-12-19,"Saudi Arabia","South Alba"
Zora,Kub,1992-08-15,"Equatorial Guinea",Greenstad
Shanny,Kris,2014-12-24,Zimbabwe,Elvistown
Donnell,Runte,2017-03-07,"British Virgin Islands","South Jacynthechester"
Joe,Stehr,1981-12-06,Belgium,"Port Jaclyn"
Deonte,Lynch,2023-02-17,Serbia,Denesikland
Roger,Lang,1986-09-04,Honduras,Finnport
Ryder,Weimann,1994-07-11,"Equatorial Guinea",Willborough
Lon,Heathcote,2014-02-21,"Saint Pierre and Miquelon","Lake Marcelino"
Haylie,Rodriguez,1973-01-22,Cambodia,Fernbury
Queen,Koelpin,1990-12-06,Chile,Millsfort
Grover,Morissette,1971-07-19,"Hong Kong",Obiefort
Savannah,Leuschke,1986-06-22,Nigeria,"East Clementinahaven"
Raquel,Osinski,2010-04-23,Hungary,"New Christine"
Elsie,Rippin,1984-07-13,Haiti,"North Eddside"
Jeremy,Schaden,1979-12-02,Turkey,"West Ericborough"
Timmothy,Murray,1974-09-22,"Saint Kitts and Nevis","Port Concepcion"
Otto,Waters,1997-10-19,"Central African Republic","West Santostown"
Ari,Johnston,2004-07-28,"United States Virgin Islands",Isaiasfurt
Dejon,Harris,1993-02-10,Andorra,Zariaburgh
Dedrick,Hodkiewicz,1986-10-07,Ghana,Wilsonfort
Gerardo,Klocko,1971-09-02,"American Samoa",Kristopherton
Robyn,Jenkins,1994-04-16,Lithuania,Fritschville
Cora,Spencer,2019-05-08,Bulgaria,"Lake Buddyfort"
Bennett,Macejkovic,1970-07-10,"French Polynesia",Americachester
Loren,Hyatt,1989-12-18,Macao,Gulgowskimouth
Kristy,O'Reilly,1980-01-31,Grenada,"East Terrance"
Ansel,Wuckert,1975-04-14,Belarus,"North Katherine"
Reyes,Rohan,2019-05-27,Gambia,Jeramiechester
Iva,Nitzsche,2001-07-20,Germany,"South Joanneberg"
Zackery,Wuckert,2004-05-03,"French Guiana",Wildermanview
Vince,Keebler,1997-05-12,Afghanistan,"New Lonzostad"
Emanuel,Haley,2021-08-04,Eritrea,"New Cooper"
Danielle,Gerhold,2023-02-13,"Libyan Arab Jamahiriya","Lake Maiabury"
Robert,Jacobi,1997-08-15,Lithuania,"East Berthaberg"
Kiera,Hegmann,1994-09-07,Australia,Helenfurt
Westley,Nikolaus,1993-12-20,"Solomon Islands",Reichelland
Glenda,Bailey,1978-12-08,Netherlands,"North Dorianport"
Leopoldo,Cummings,1988-11-27,"United States of America","Lake Esteban"
Lenore,Kuhlman,2012-08-01,Vanuatu,"South Einarberg"
Delbert,Durgan,1979-07-28,Grenada,"West Anjalifurt"
Jamil,Sauer,1973-12-28,Qatar,Torpton
Aniyah,Champlin,1985-05-30,Qatar,"Lake Easter"
Wilmer,Swift,1980-10-22,Pakistan,Brakusshire
Magdalen,Kuphal,1971-08-11,Ukraine,"East Raeside"
Merle,Schuppe,2002-03-04,Greece,"West Quinnberg"
Luisa,Pouros,1999-08-20,Algeria,"South Mossieville"
Astrid,Little,2009-04-07,Japan,Sammieville
Carmen,Ritchie,1986-12-18,Guam,Wolfberg
Lemuel,Simonis,2015-11-02,"United States of America","Port Bulah"
Erling,Kub,1996-03-05,"El Salvador","New Roger"
Bettye,Ratke,1974-03-15,Portugal,"Port Ladarius"
Charity,Keeling,1999-01-05,"Norfolk Island",Cruickshankmouth
Rex,Gerhold,2001-09-29,Benin,Genesisberg
Emmalee,Goodwin,1982-10-04,Bulgaria,Berneicehaven
Frederik,Wolff,1993-02-03,Brazil,"Lake Brooklyn"
Dina,Ferry,1989-05-08,"Saudi Arabia",Dooleyton
Sigmund,Doyle,1983-01-10,Congo,Cobyberg
Oral,Kuhic,1999-11-25,"Lao People's Democratic Republic",Runolfssonberg
Chaz,Cummings,2015-01-12,"United States Virgin Islands",Hesselmouth
Dortha,Mayert,1981-02-03,Kenya,"South Adrienstad"
Oswald,Schuster,1985-03-07,Bahamas,"West Osborneport"
Selena,Blanda,1990-08-18,Micronesia,"North Rachael"
Tamia,Ferry,1989-06-07,"Cocos (Keeling) Islands","New Jonathon"
Bradly,Wolff,1975-07-09,Luxembourg,Morissettetown
Nikita,Cormier,1999-01-26,"Northern Mariana Islands","Lake Retha"
Margaret,Bruen,2013-05-07,"French Southern Territories","East Kennaside"
Kurtis,McKenzie,1973-07-09,Malawi,Mistystad
Webster,Swift,2008-02-18,"Marshall Islands","Lake Elouisefort"
Lon,Johnston,2012-09-20,Kenya,"East Ottilie"
Kelli,Koch,2009-09-22,"Brunei Darussalam","Port Felton"
Nathanial,Kertzmann,2000-01-23,Colombia,"South Buddyshire"
Frances,O'Keefe,1975-12-21,Georgia,"Port Favianmouth"
Gretchen,Waelchi,2008-12-12,Albania,Ottisville
Olen,Miller,1982-12-15,"Dominican Republic","West Filomena"
Anabelle,Prohaska,2012-08-17,Germany,Lelandtown
Hayley,Sipes,2021-03-19,Ethiopia,"New Brentmouth"
Juanita,Stroman,2009-01-31,Estonia,"New Daytonbury"
Alessandro,Medhurst,1974-02-17,Slovenia,Wisozktown
Harmony,O'Connell,1999-12-14,Ethiopia,Westonchester
Sabrina,Jast,1994-02-08,Armenia,Wandaburgh
Jamaal,Bogisich,1989-10-26,Guadeloupe,Travisborough
Pierre,Weimann,1999-10-06,Lesotho,"West Marvinland"
Marcelino,Tillman,1982-08-08,Ethiopia,"New Jermeyburgh"
Cassandre,Lind,1983-03-09,"French Guiana","East Treva"
Jaren,McDermott,2002-03-01,Bahamas,Brauliotown
Brain,Nader,1972-08-20,Peru,Schmidtfurt
Dannie,Kilback,1972-12-17,Burundi,Pagacfort
Fiona,Romaguera,1972-02-04,Angola,Vincenzoview
Bernhard,Goyette,2018-02-21,Nauru,Kleintown
Odessa,Sawayn,2018-01-29,Chile,Darrellland
Jarret,Greenholt,2016-07-01,Netherlands,"Port Rahulmouth"
Lukas,Kassulke,2007-06-24,Namibia,Kleinfort
Winfield,Rolfson,2020-07-20,"French Southern Territories","North Litzy"
Rollin,Abbott,2006-09-25,Nepal,Kennethburgh
Bella,Hahn,1991-01-29,"Saint Helena",Hillsfort
Eudora,Cruickshank,1980-04-10,Niger,"South Hankfurt"
Elmo,Nikolaus,2002-02-26,Finland,"East Dominique"
Precious,Hartmann,2014-11-08,Singapore,Casandrabury
Jon,Dickinson,2017-07-21,Chile,"East Eve"
Adela,Barrows,1970-11-16,Netherlands,Walterberg
Michaela,Kihn,2016-08-22,Guinea,"East Jerel"
Terrell,Leuschke,2010-02-16,Belgium,Feltonmouth
Chauncey,Sauer,2006-03-26,"San Marino",Lueilwitzport
Selena,Fay,2001-04-24,Indonesia,Prosaccomouth
Maxine,Waelchi,2008-04-08,"Norfolk Island","East Melissaborough"
Marco,Gleichner,1985-12-12,China,Rayborough
Karelle,Bernhard,1985-08-23,"Saint Helena",Dorthyland
Leora,Bahringer,1991-12-29,Finland,"Lake Bellefort"
Roderick,Stracke,1989-08-20,Denmark,Leuschkeshire
Reina,Marquardt,2011-11-05,Namibia,Braintown
Andreane,Corkery,2015-10-16,"El Salvador",Ryannside
Nelson,Fahey,1991-09-29,"Bosnia and Herzegovina",Justynstad
Nyah,Mills,1994-11-07,"Palestinian Territories",Thieltown
Kianna,Boehm,2010-09-02,Somalia,Swaniawskiburgh
Morton,Kilback,1982-01-10,Romania,Kshlerinville
Susie,Schoen,1979-07-20,Cambodia,"East Jazminhaven"
Irwin,Kihn,2019-08-16,"Palestinian Territories",Moenview
Jakayla,Schuppe,1977-05-06,Honduras,"West Perryview"
Jermaine,Larkin,1982-01-01,"Cape Verde","West Hallie"
Antonio,Brakus,1988-12-21,Myanmar,"North Brielle"
Jarrett,Brown,1992-10-30,"French Guiana",Chasitymouth
Joel,DuBuque,2021-07-26,Venezuela,"Lake Nolaport"
Madelyn,Keebler,1979-07-04,"French Guiana",Greenholtton
Jadon,Turcotte,2020-03-10,Chile,Douglaston
Kimberly,Pagac,2015-05-20,Singapore,"South Cheyenne"
Allison,Bergnaum,2003-11-01,Namibia,Joanyshire
Yolanda,Schneider,1994-01-11,"Saint Vincent and the Grenadines","Lake Macistad"
Ashleigh,Jacobi,1986-02-21,Maldives,Agustinside
Rosemarie,Zboncak,1987-07-12,"Costa Rica","West Bryceborough"
Cruz,Blanda,2022-09-01,Mayotte,"Port Dwighthaven"
Gudrun,Orn,1971-12-07,Afghanistan,"Lake Cynthiaport"
Jonathan,Harber,2008-11-02,Armenia,"East Brandoport"
Ciara,Ward,1985-06-04,"Holy See (Vatican City State)",Quigleyshire
Esta,Dare,2013-02-13,"South Africa","East Belle"
Alexa,Hartmann,1996-02-13,Brazil,"South Julianne"
Maude,West,2007-12-26,Colombia,"East Sylvia"
Percy,Nitzsche,1998-05-01,Croatia,Lefflerhaven
Noemy,Macejkovic,1991-05-12,Taiwan,Prohaskaton
Jayce,Douglas,1975-03-12,Mayotte,"West Layla"
Roselyn,Rutherford,1987-01-31,Ireland,Koepptown
Jordy,Larson,1997-01-30,"Burkina Faso","New Flavie"
Shayne,Jacobson,2007-02-24,Jamaica,Samsonside
Orlo,Murazik,2019-04-06,Iran,Jaclynshire
Raegan,Heidenreich,1983-10-15,"San Marino","New Elisabethbury"
Cierra,Lubowitz,1983-06-17,"Slovakia (Slovak Republic)",Dareville
Rosa,Stark,1970-12-15,"Saint Kitts and Nevis","East Vita"
Adah,Herzog,1984-04-11,Greenland,Gottliebfurt
Carol,Legros,2011-12-04,"Burkina Faso",Hermanport
Warren,Swaniawski,2016-06-03,Bulgaria,"North Quintonville"
John,Mann,2002-07-05,Albania,"North Kaelynfurt"
Janiya,Leuschke,2014-02-15,"Central African Republic",Cadenport
Kenna,McGlynn,1998-02-17,Nauru,"East Sigmundtown"
Aric,Parisian,2016-05-22,Cameroon,Greenholtmouth
Jayde,Reilly,2021-12-01,Bangladesh,"North Myrtis"
Alex,Schulist,2003-06-04,"Wallis and Futuna","New Rolando"
Aric,Corwin,1996-10-10,Guinea,Marianeberg
Hayley,Marks,1975-06-04,Micronesia,Fisherbury
Raquel,Mills,1982-08-05,Macao,Mosciskiborough
Felicity,Gutmann,1992-12-09,Uruguay,Casperville
Modesta,Shanahan,1972-08-10,"Libyan Arab Jamahiriya",Parisianland
Kiera,Rowe,1988-09-27,Bangladesh,"East Jovani"
Hallie,Koss,1988-09-15,Turkmenistan,Wisozkfort
Eryn,Keebler,1989-08-05,Guatemala,Considinetown
Katrine,Watsica,2012-05-04,Guinea,"South Lori"
Madison,Jerde,1985-07-10,Lesotho,Simonisfurt
Maximo,Roberts,1992-10-30,Togo,Karelleside
Mandy,Heidenreich,2022-09-16,Guam,"New Aaliyah"
Breanna,Wolf,2016-04-13,Senegal,"West Quinton"
Tessie,Franecki,2022-05-15,Niue,"New Marilie"
Thelma,Anderson,1987-10-19,Malaysia,"Lake Karine"
Rickey,Herzog,2002-04-03,"Papua New Guinea",Harleyborough
Paolo,Kuhn,2000-03-18,Singapore,"South Alejandra"
Rodrigo,Bashirian,2012-08-08,"Puerto Rico",Jacobsonfort
Name,Becker,1984-12-10,"Saint Lucia","Port Walker"
Benjamin,Goyette,2009-11-16,Georgia,"East Leanneburgh"
Bud,Kozey,2008-05-08,Guernsey,"West Malachiborough"
Stuart,Blick,1972-02-12,"Equatorial Guinea","Port Justonmouth"
Lorena,Jakubowski,1977-06-04,Guadeloupe,Colemouth
Chad,Hills,1991-04-05,France,"Lake Sophialand"
Ara,Schowalter,2007-04-29,Nigeria,Lefflermouth
Magdalena,O'Kon,1998-07-09,Martinique,"Port Kelli"
Makenzie,Dach,2008-05-01,"Saint Vincent and the Grenadines","West Viviane"
Margot,Pollich,1989-05-24,Ireland,"South Assunta"
Cruz,Hauck,1975-06-19,Togo,Krajcikville
Adah,Luettgen,2004-04-21,Monaco,"Port Napoleon"
Kailyn,Bergnaum,1988-05-19,Afghanistan,Kovacekside
Glennie,Kuvalis,1974-04-16,Angola,Gleasonborough
Dax,Streich,1971-05-27,Mayotte,"West Durward"
Meagan,Mraz,2001-12-15,Macao,Karenstad
Roderick,Herzog,2015-03-09,Turkmenistan,"Port Kylie"
Delphine,Watsica,2004-11-21,Austria,Sophieborough
Dayna,Lindgren,1977-03-10,Vietnam,"East Darioport"
Emmanuel,Swift,2002-11-26,Tonga,"South Hertaton"
Dwight,Goodwin,1998-10-20,"Czech Republic","Lake Minerva"
Luigi,McCullough,2016-01-19,"Papua New Guinea","South Gaytown"
Murl,Miller,1977-05-31,Norway,Handfurt
Ana,Metz,1975-11-01,Paraguay,"West Jameltown"
Odie,Cartwright,2015-04-26,Belize,"South Leolamouth"
Susanna,Jenkins,2003-12-13,Kiribati,"West Deannabury"
Ryder,Thiel,2012-07-11,Thailand,Bransonfort
Lucie,Block,1988-09-18,Georgia,"West Philip"
Maya,Davis,1972-08-12,Singapore,Swiftburgh
Ruthie,Goyette,2022-08-03,Aruba,Greenton
Denis,Schmidt,2012-10-11,"United States Minor Outlying Islands","West Jarretfurt"
Shea,Oberbrunner,2003-11-18,"Brunei Darussalam","South Minahaven"
Rupert,Ward,1987-06-23,Austria,"West Avismouth"
Jeanne,Morar,1978-03-31,"Kyrgyz Republic","North Kay"
Pansy,Treutel,1996-08-31,"United Kingdom",Vaughnmouth
Rafael,Corkery,2001-09-14,"Equatorial Guinea",Rubyehaven
Caroline,Weimann,1981-07-20,Peru,"North Allen"
Travis,Beier,2012-10-27,Tokelau,"East Alaynashire"
Cristina,Klocko,1980-07-02,Barbados,Cassandraton
Travis,Roberts,1974-09-06,"Faroe Islands","West Phoebe"
Winona,Schuppe,1995-05-11,Gabon,"South Freddieshire"
Jocelyn,DuBuque,1986-01-14,Reunion,Kamrenshire
Otis,Mann,1975-03-25,Lesotho,"North Dallin"
Sherman,Lowe,1975-07-19,Guyana,"New Rafael"
Sasha,Yundt,2002-12-23,Kuwait,Dooleybury
Arvel,Wilkinson,1976-11-23,Norway,"East Kailynstad"
Rowland,Block,2022-07-08,Ecuador,"North Zelda"
Casper,Runolfsson,1974-05-05,Nauru,McLaughlinborough
Jermey,Cruickshank,2001-02-02,Guatemala,"North Jaycee"
Walker,Von,2016-07-02,Bangladesh,"East Garnett"
Louisa,Mohr,1979-05-18,Pakistan,Marcton
Garret,Botsford,1971-06-18,"Saint Pierre and Miquelon","New Enochton"
Caleigh,Gusikowski,2007-09-07,Mali,"Lake Ben"
Karen,Dach,1994-01-08,"Holy See (Vatican City State)",Micahburgh
Joy,Rau,1975-11-11,Djibouti,"North Hiltonside"
Aron,Nader,1975-12-28,Jordan,Christiansenside
Humberto,Dicki,2008-09-13,Oman,"North Angelitaland"
Domenic,Towne,1982-03-24,Colombia,McCulloughchester
Lela,Nader,1996-02-01,Slovenia,Sylvanhaven
Lemuel,Keebler,2007-11-01,Uruguay,Morarmouth
Cierra,Lubowitz,2003-11-27,"South Africa","Port Zettafort"
Lydia,Tromp,1991-12-31,Belgium,"East Erna"
Lou,Dicki,2018-01-22,Palau,"Port Lorine"
Davin,Mueller,1985-12-25,Bermuda,Huelmouth
Avery,McLaughlin,2003-05-01,"United Arab Emirates",Norrisport
Alessia,Pacocha,2018-07-04,Israel,Armstrongmouth
Anastasia,Runolfsdottir,2016-06-14,Suriname,Schultzbury
Demetris,Kuhn,1980-04-02,"Saint Vincent and the Grenadines",Crooksview
Jessika,Kertzmann,2005-02-01,Ghana,"Lake Hillaryfort"
Allison,Welch,2011-01-04,Bolivia,"East Catalinaside"
Mckayla,Kerluke,2007-05-07,"Marshall Islands","Port Tomasa"
Ladarius,Johnson,1974-07-26,"United Kingdom","Port Bofort"
Reese,Braun,1986-12-14,Yemen,Mooreport
Cassandra,Zulauf,1997-11-12,Japan,"East Rockymouth"
Elizabeth,Harber,2008-01-07,Taiwan,Selenamouth
Roy,Veum,1994-10-07,"Saint Martin","North Rowlandfurt"
Kay,Beer,1974-08-22,France,Hayesside
Benedict,Gerhold,1978-11-13,"Central African Republic","New Rosemaryburgh"
Earnestine,Cartwright,2005-08-16,"French Polynesia",Eberthaven
Haleigh,Boyle,2005-01-21,Ireland,Wolffville
Willy,Wilkinson,2017-04-25,Cyprus,Murphymouth
Elliott,Gorczany,2019-10-01,Malawi,Marcellusland
Aleen,Bernhard,1998-05-11,Turkey,Kreigerview
Alexandre,Okuneva,2014-01-01,"Syrian Arab Republic","Port Margaretburgh"
Ludie,Corwin,1986-07-01,"South Africa",Elbertfort
Lorenzo,Crona,1975-07-04,"Northern Mariana Islands",Mckennashire
Crystel,Cummings,1993-01-21,Martinique,Davontetown
Charity,Wuckert,1984-12-14,Oman,Emiestad
Bella,Pfannerstill,2010-02-23,Myanmar,Columbusbury
Christa,Boehm,1991-03-28,"Saint Barthelemy","New Jalen"
Vern,Jacobi,1990-01-24,Ireland,Johanshire
Brenna,White,2018-09-13,Serbia,"Lake Harmon"
Amy,Hirthe,2015-06-16,Tokelau,Jaydenburgh
Jacquelyn,Emmerich,1970-04-29,Japan,"Port Terence"
Jaleel,Jenkins,2008-02-24,Lesotho,"North Anabelleside"
Freddy,Buckridge,2019-08-01,Nicaragua,Vilmaberg
Stephon,Bogan,1971-03-18,Japan,"West Selina"
Junior,Kuvalis,1970-10-26,Jamaica,"North Don"
Antonina,Parker,2012-01-01,"Syrian Arab Republic",Ethelynfort
Gerhard,Williamson,2000-01-17,Spain,"Port Margarettestad"
Charlotte,Ledner,1976-10-09,Qatar,"New Lorenzoton"
Tristian,Lakin,2018-06-02,Guinea,"Port Franciscahaven"
Corrine,Spinka,2002-11-26,"Antarctica (the territory South of 60 deg S)",Danialfort
Cheyenne,Wilkinson,2009-06-22,Colombia,Jedediahside
Addison,Braun,1991-05-19,Liberia,"New Lyda"
Romaine,Breitenberg,1983-12-03,"Solomon Islands",Gerholdton
Vladimir,Schmeler,2014-07-13,Eritrea,"East Verner"
Rickie,Maggio,1992-06-03,"Trinidad and Tobago","New Kenyonton"
Kylie,Robel,1973-08-25,Guinea,Enosmouth
Kenyatta,Hills,1990-09-04,Korea,"Lake Keirafurt"
Else,Dickinson,1984-04-24,"Syrian Arab Republic","Port Eulalia"
Colt,Pfeffer,2006-10-07,"Pitcairn Islands","Lake Mariane"
Danika,Wolff,2002-02-17,Indonesia,"Lake Bobbyshire"
Eliza,Abbott,1998-11-22,Haiti,"New Landenchester"
Eliza,Morar,1977-07-03,"South Georgia and the South Sandwich Islands",Randiburgh
Terry,Johnston,1974-04-14,"Lao People's Democratic Republic","Lake Tiffanymouth"
Stevie,Conroy,1998-02-19,Afghanistan,"North Kailynbury"
Sarai,Kautzer,1992-07-07,"New Zealand",Kendrashire
Abdullah,Parker,1996-05-14,Mali,Hilmaberg
Donnell,Schoen,1992-10-14,Slovenia,Borerfurt
Lucio,Reynolds,1975-09-16,Korea,"Port Sally"
Horace,Quigley,2019-07-15,Angola,"South Arielfurt"
Gisselle,Klein,1988-04-21,Montserrat,"West Kale"
Effie,Jacobson,2006-03-30,Estonia,Morarview
Robb,Schmitt,2014-01-25,Reunion,"South Forrest"
Woodrow,Grimes,1973-06-16,Gambia,"Port Joannie"
Mozelle,Baumbach,2000-01-13,Denmark,"Lake Meredith"
Beverly,Bruen,2002-02-07,"New Caledonia","Port Seanland"
Rachel,Hahn,2022-04-12,"South Georgia and the South Sandwich Islands","Lake Lowell"
Raven,Lehner,1978-07-31,Finland,"South Duane"
Abel,Pfannerstill,2020-08-18,"British Indian Ocean Territory (Chagos Archipelago)","South Alecville"
Harrison,Reichert,1985-07-30,Eritrea,"Lake Devontefort"
Desiree,Koss,1977-09-22,Zimbabwe,Cristianfurt
Alexane,Lowe,1970-07-29,Greenland,"New Macy"
Craig,Stanton,1971-12-22,Romania,"South Jeffryview"
Zoie,Bednar,2022-10-11,Aruba,"Lake George"
Wanda,Maggio,2021-04-17,Venezuela,Barryland
Jennie,Quigley,2006-01-19,"French Guiana","Port Kelly"
Dariana,Doyle,1975-09-10,Macedonia,"New Brandy"
Theodore,Larson,1974-10-06,Swaziland,D'Amorefort
Trycia,Boehm,2005-06-07,"Trinidad and Tobago","South Letha"
Lizzie,Herzog,2021-05-20,"Cote d'Ivoire","North Hoyt"
Tess,Rogahn,2003-01-04,Lithuania,"East Maggie"
Baby,Little,1999-04-02,Malta,Rolfsonport
Hildegard,Legros,1985-09-17,"Saint Helena",Edwinville
Jaida,Jenkins,1991-03-15,Ecuador,Kayleyberg
Charity,Weissnat,1975-10-01,Tunisia,"Lake Rosannamouth"
Anais,Konopelski,2020-01-19,"Antarctica (the territory South of 60 deg S)","New Aglaemouth"
Loyal,Hansen,2022-07-06,Thailand,"South Leannastad"
Kenya,Kihn,1997-05-02,Nicaragua,Ernieton
Edd,Klein,2009-07-31,Namibia,McClureborough
Luz,Gaylord,1970-01-22,Namibia,"East Ted"
Kieran,Kuhn,1977-12-02,Kiribati,Tyraview
Otha,Schowalter,2021-02-01,"Costa Rica",Leuschkefort
Pearlie,Crooks,1998-01-21,Italy,"West Laneyshire"
Kaycee,Borer,2008-06-27,"United Arab Emirates","North Annabelshire"
Stuart,Kozey,1987-09-19,"Solomon Islands",Keeblerstad
Lucie,Crooks,2011-05-12,Taiwan,Jastbury
Brayan,Grant,1995-10-01,Netherlands,Kautzerbury
Hilma,Greenholt,1985-09-20,Ethiopia,Skylafort
Jack,Bode,1987-11-10,Egypt,Rauview
Jessy,Feeney,2015-05-16,Palau,Yasminchester
Manuela,Ziemann,2005-11-20,Italy,Lewville
Anabel,Vandervort,1972-05-05,Anguilla,Rodriguezhaven
Roma,Bahringer,2003-05-02,Ireland,"North Sunnyberg"
Anne,Altenwerth,1982-07-28,"Wallis and Futuna","New Golden"
Marisa,Osinski,1972-10-14,Burundi,Nicoleshire
Green,Mills,2012-06-19,Botswana,"New Melynatown"
Tyshawn,Hessel,2004-04-25,Luxembourg,Riceberg
Emiliano,Hartmann,2020-10-31,Mozambique,Gibsonshire
Judson,Kautzer,1990-04-01,Malta,McGlynnmouth
Hayley,O'Conner,1979-09-05,Lesotho,Maiyamouth
Madaline,Douglas,1970-02-09,Thailand,"South May"
Eldridge,Bailey,1981-08-06,"Saint Martin",Mckaylaland
Haley,Pfeffer,2015-08-02,India,"West Piperburgh"
Demetrius,Roberts,1971-07-03,Denmark,Fadelville
Adah,Weissnat,2009-05-31,"Faroe Islands",Carashire
Sam,Halvorson,1974-11-27,"Saint Barthelemy","North Ila"
Gus,Nienow,1994-11-16,Luxembourg,"South Adrienne"
Ashlynn,Denesik,2013-06-01,"El Salvador",Watsicaview
Lydia,Harber,1991-09-08,Niue,Marianomouth
Pierre,Stracke,1974-09-22,"Bouvet Island (Bouvetoya)",Nolanton
Quinn,Dibbert,1974-01-09,Malawi,"West Nealstad"
Rashawn,Corwin,2019-12-19,Spain,"New Wandamouth"
Abbie,Farrell,2022-05-23,"Saint Kitts and Nevis","New D'angelomouth"
Hosea,Langosh,1992-01-03,"British Indian Ocean Territory (Chagos Archipelago)","South Estellchester"
Tania,West,1999-03-09,Liechtenstein,"Port Retha"
Sabrina,Cruickshank,1990-11-30,"United States of America",Laneburgh
Bernadine,Larkin,1983-05-16,Vietnam,"Port Oda"
Tyrique,Kshlerin,1995-07-23,Tuvalu,"North Bridgette"
Clay,Zulauf,1989-10-14,Reunion,"New Brisamouth"
Reece,Luettgen,1989-02-10,Andorra,"West Cathy"
Terrell,Abbott,1972-02-05,"Svalbard & Jan Mayen Islands",Cummingsshire
Abagail,Rau,2004-08-31,Cyprus,Collinsside
Isabel,Daugherty,2022-06-02,Tajikistan,"Port Joan"
Lenna,Bayer,2017-12-15,Namibia,Runolfssonchester
Myles,Dare,1983-09-17,Australia,"Port Camren"
Jordi,Sauer,1997-12-31,Ecuador,Mortimermouth
Wilford,Dach,2010-03-09,Greece,Kimview
Clementina,Dibbert,1985-12-15,Malta,Powlowskishire
Orland,Hickle,2002-04-29,"Marshall Islands","New Pedro"
Corbin,Witting,2017-04-25,Croatia,"East Emiliamouth"
Allen,Fisher,1975-11-19,Finland,Alanatown
Mireya,Tromp,2012-02-02,"Saint Lucia","South Anselton"
Gordon,Bins,1998-05-26,"Sri Lanka",Spinkaborough
Janiya,Borer,1973-08-20,Uganda,Taliaville
Susie,Kassulke,2008-05-27,Turkmenistan,Beckerville
Albina,Dach,1975-11-22,"Antarctica (the territory South of 60 deg S)","Port Shaina"
Clementina,Crist,2017-03-29,"British Indian Ocean Territory (Chagos Archipelago)",Reillymouth
Giuseppe,Waelchi,1998-04-08,Peru,"Port Austin"
Augustine,Hoeger,2006-02-21,Honduras,Bartonbury
Katelynn,Murazik,1972-12-07,Armenia,"East Jewellfurt"
Darrell,Runolfsdottir,1994-02-23,Jamaica,Connietown
Alycia,Jerde,1983-02-18,"Norfolk Island","New Rydertown"
Marley,Zulauf,2012-03-19,Portugal,Bauchton
Bette,Labadie,1973-08-02,"Lao People's Democratic Republic","Port Mabelle"
Elza,Schroeder,2023-06-11,"Cocos (Keeling) Islands",Berryville
Jettie,Fritsch,2007-03-28,Aruba,Krisport
Shawn,Lueilwitz,1994-04-25,Iran,"North Jarretview"
Mafalda,Weber,2002-06-28,Tokelau,Ronaldoshire
Ora,Koepp,2018-12-23,Dominica,"South Kariane"
Davin,Beier,2019-04-04,Tuvalu,Howellberg
Erwin,Abbott,2011-04-30,Burundi,Paucekborough
Ashly,Labadie,2001-09-19,"United States of America","East Alisha"
Cyrus,Reinger,1992-09-07,Iraq,Jeweltown
Anabelle,Harber,1995-06-14,Denmark,"North Joeyfort"
Antwon,Ward,1983-10-26,"Solomon Islands",Swaniawskishire
Jacquelyn,Cormier,1986-08-07,Somalia,Metzmouth
Perry,Mraz,1993-09-10,Mauritius,Hoppechester
Heloise,Yundt,1973-04-02,Guinea,Larryland
Lennie,Koch,2021-09-07,Mayotte,"East Imani"
Florine,Tremblay,1985-07-16,Canada,"North Vadaberg"
Ida,Hills,2005-05-28,"Sri Lanka","West Alaina"
Madyson,Jones,1975-01-19,Switzerland,"East Mortimer"
Ardella,Bayer,2020-07-05,Tokelau,Fritschstad
Anderson,McKenzie,1993-06-29,Turkey,"East Casandraville"
Seth,Mraz,2007-03-10,Algeria,Cristinachester
Lazaro,Legros,2022-04-04,Denmark,Dareborough
Larry,Kub,2004-08-11,"Turks and Caicos Islands",Kirlinberg
Bonita,Fadel,2004-07-02,China,Hansenberg
Agnes,Stoltenberg,2018-06-03,"Saudi Arabia","South Floridaberg"
Lawson,Sanford,2000-11-07,"South Africa","Port Jovanyfort"
Marlen,Leannon,2014-04-01,Tuvalu,"Lake Nealside"
Elsie,Goyette,1989-09-12,"Antarctica (the territory South of 60 deg S)","Lake Karleymouth"
Murphy,Farrell,1979-12-14,Armenia,Lizethport
Ubaldo,Koepp,2013-12-17,"Antarctica (the territory South of 60 deg S)","South Margarett"
Braulio,Beer,2009-07-27,Jersey,"West Quentinmouth"
Napoleon,Feeney,2001-08-17,Italy,"New Coralieview"
Penelope,Mayert,2004-05-22,Jordan,O'Keefemouth
Ignatius,Weber,1999-01-02,"United States Virgin Islands","Port Kacieview"
Stanton,Erdman,1982-07-15,Cameroon,Pearlieview
Leta,Jacobson,1993-02-14,"Bosnia and Herzegovina","Lake Maxie"
Augustus,Mohr,1999-01-16,Liechtenstein,"North Vaughn"
Litzy,Doyle,2007-05-04,Uganda,"East Jadahaven"
Rogelio,Sipes,1999-12-20,Kuwait,Dominicside
Kendall,Wiza,2001-04-12,Djibouti,Bahringerland
Jensen,Jakubowski,2011-05-14,"Northern Mariana Islands","West Furman"
Antwan,Yundt,1976-08-01,"Burkina Faso",Antoninafort
Sienna,Schulist,1974-04-11,"Libyan Arab Jamahiriya","New Davonport"
Janice,Smitham,2016-09-12,Tanzania,Timmothyland
Russell,Lueilwitz,1986-12-02,"Saudi Arabia",Quitzonland
Lorine,Graham,2001-07-06,Italy,O'Connerstad
Tyrel,Durgan,1999-03-28,Guinea,"New Nella"
Rowan,Breitenberg,1977-06-09,"Saint Martin",Wiltonchester
Brenden,Turcotte,1997-07-07,"Saudi Arabia","East Ernesto"
Kariane,Torphy,1999-01-03,Chad,"East Woodrow"
Emiliano,Harris,1975-10-13,"Antigua and Barbuda","North Kenmouth"
Annabel,Hane,1980-05-26,Bulgaria,"North Martinborough"
Danielle,Rau,1978-06-15,Malaysia,Bradfordtown
Christina,Bednar,2012-07-21,China,"Port Concepcionland"
Lela,Skiles,2018-07-30,"Bouvet Island (Bouvetoya)",Quigleytown
Ubaldo,Ryan,1972-12-02,"Costa Rica",Framiland
Queen,Boyer,2013-12-03,"Northern Mariana Islands","West Nilsberg"
Eleanore,Hettinger,2021-07-28,Venezuela,"Port Antwonfurt"
Jammie,Stanton,2010-03-02,Cameroon,"Port Thora"
Cassandre,Pfeffer,1970-05-11,Vanuatu,"South Gino"
Kasandra,Koelpin,2002-02-16,"French Guiana",Rempelside
Jason,Spencer,1996-01-15,"San Marino",Corwintown
Dominic,Bauch,1999-04-24,Kenya,"Port Milo"
Anabelle,Bahringer,2016-04-23,Korea,Nitzscheport
Mina,Bauch,1979-02-03,"Turks and Caicos Islands","South Magalichester"
Clotilde,Schuster,2007-06-25,Tokelau,"West Keshaunmouth"
Karen,Orn,1999-07-03,"Saint Kitts and Nevis","West Lysanneburgh"
Jerry,Hoppe,2012-07-09,"United Kingdom",Karliefort
Adriel,Brown,1984-06-28,Nicaragua,"New Gwendolyn"
Salvatore,Abbott,1979-06-07,Korea,Koelpinview
Zelda,Jast,2015-06-02,"Bouvet Island (Bouvetoya)",Vandervorttown
Tommie,Hudson,2008-05-21,"Saudi Arabia",Yundtmouth
Lucious,Shields,1995-11-05,Myanmar,"New Arvid"
Cleve,Littel,1984-06-16,"Cook Islands",Pourosville
Aliyah,Mohr,1972-05-07,Georgia,Sybleland
Zoe,Harris,2012-12-03,Sweden,Bernadettebury
Octavia,Anderson,2009-07-08,Philippines,Smithtown
Tyler,Beier,1985-06-28,Nigeria,Celestinoside
Maureen,Leuschke,1979-10-19,"Pitcairn Islands",Pattietown
Margarita,Bednar,2002-10-31,Belarus,Clemmieborough
Sean,Mraz,1984-05-07,"Cote d'Ivoire","East Susanabury"
Ilene,Hauck,2001-05-17,"Western Sahara","South Johnnyfort"
Santos,Stracke,2014-08-22,Belarus,"West Prestonberg"
Rosalind,Schaden,1991-08-31,"Western Sahara",Prosaccoport
Jaquelin,Abbott,2021-01-27,"Saudi Arabia",Cummerataport
Alden,Von,1972-05-24,Eritrea,Lulumouth
Viva,Greenfelder,1976-10-21,Chile,Margareteville
Angelica,Konopelski,2017-10-15,Moldova,"New Jalynville"
Maeve,Zboncak,1992-03-08,Niger,Hanemouth
Elliott,Hand,2002-07-23,"Netherlands Antilles",Eratown
Jaleel,Rosenbaum,1976-11-18,"American Samoa","South Pauline"
Dedric,Balistreri,1995-09-19,"Bouvet Island (Bouvetoya)","Lake Hubert"
Consuelo,Carter,2001-02-10,Belgium,Tatumburgh
Dasia,Dicki,1989-04-06,Fiji,"East Izabellaville"
Nestor,Torphy,1970-01-28,Timor-Leste,Gretaview
Freida,Dibbert,1991-12-06,Mozambique,"South Ludiehaven"
Rigoberto,O'Conner,2001-02-21,"South Africa",Littleton
Bart,Bins,2004-03-17,Gibraltar,"West Quinten"
Kavon,Murazik,2000-09-24,Dominica,"East Eugene"
Yazmin,Marvin,1981-02-09,Guatemala,"Port Karelleburgh"
Jerrold,Hamill,2016-09-26,Monaco,"West Aglaeport"
Keven,Upton,1978-11-04,Greece,"North Bessie"
Cortney,Graham,2020-11-26,Congo,"South Anaisshire"
Lavern,Hickle,1987-11-29,Korea,Nathenbury
Marlee,Torp,2019-12-06,Anguilla,"North Hazle"
Edwardo,Ledner,2018-05-26,"Puerto Rico","North Franz"
Trisha,Osinski,2000-02-26,"Slovakia (Slovak Republic)","South Sedrick"
Kenyatta,Anderson,1973-03-25,"Libyan Arab Jamahiriya",Verlaville
Brody,Rodriguez,1977-06-11,Luxembourg,Heathmouth
Karolann,Mann,1974-02-24,Turkmenistan,"South Royfort"
Miguel,Runolfsdottir,2020-05-21,Zambia,Reynafort
Virgie,Goodwin,2011-12-03,Israel,Claudburgh
Pedro,Smitham,1994-07-01,Kiribati,Maiabury
Dax,Runolfsson,1981-01-31,"Christmas Island",Annieberg
Mireille,Johns,1981-03-16,Sweden,Eichmanntown
Clemens,Mitchell,1998-03-12,Lesotho,"North Steviehaven"
Abdiel,Kovacek,2023-03-18,Denmark,"West Augustusfort"
Otto,Windler,1972-04-22,Lesotho,Burdetteberg
Delores,Orn,2020-12-11,Liechtenstein,Erikatown
Korey,Fisher,2020-09-12,Lithuania,"South Daronborough"
Keagan,Witting,1994-12-06,Guyana,McClureborough
Leslie,Deckow,2020-08-25,"Brunei Darussalam","South Marcelo"
Trey,Kiehn,1985-03-15,Ireland,"West Maymouth"
Kaylah,Kunde,2008-09-08,Maldives,"North Frederikmouth"
Bettie,Kilback,1993-11-19,"Czech Republic",Elissahaven
Chesley,Howell,1995-06-25,Chad,"South Zanemouth"
Elinor,Denesik,2015-08-15,Spain,Matteoside
Allie,Hackett,2007-11-08,Croatia,"North Winifredbury"
Grayson,Gibson,2021-03-02,Slovenia,Letaberg
Kadin,Rolfson,1989-12-11,Tajikistan,Beckerside
Zula,Predovic,1977-09-28,"Hong Kong",Mathiasport
Montana,Friesen,1998-01-04,Norway,"South Cruz"
Rocky,Fahey,1975-08-26,Iran,Emanuelhaven
Tianna,Dickinson,2021-02-25,Bahamas,"South Gladyce"
Viviane,Lemke,1982-05-12,"British Virgin Islands",Oswaldoshire
Shayne,Stracke,2014-10-29,Tajikistan,Prohaskahaven
Libby,Buckridge,1987-07-13,Micronesia,Jodiefurt
Rick,Homenick,2016-04-18,Cambodia,Macburgh
Myrl,Graham,1990-10-03,"United States Virgin Islands","South Waynehaven"
Toby,Zulauf,1980-01-15,Malawi,Albinatown
Will,Ebert,1987-11-04,Angola,Paucekfurt
Erin,Jenkins,2000-12-17,Malaysia,"New Jakobtown"
Keira,Senger,1996-10-30,Venezuela,"Lake Donnell"
Caesar,Fay,1970-03-24,Congo,"Port Ocie"
Sandy,Pfannerstill,1984-09-28,Morocco,"New Dayne"
Dovie,Bergnaum,1978-07-09,Somalia,Dickinsonland
Gabriel,Willms,2005-10-11,Portugal,"North Alexandrea"
Eugene,Corkery,2022-08-10,Myanmar,Homenickton
Clara,Schimmel,1987-05-09,Albania,"West Jessikachester"
Bettie,Rempel,1989-05-12,"Faroe Islands","East Trevionstad"
Charlotte,Champlin,1997-01-02,"Saint Barthelemy",Swaniawskibury
Romaine,Langworth,1999-10-12,Iran,Carmelahaven
Delpha,Sawayn,2003-03-26,Belgium,"Port Catalinahaven"
Harley,Kassulke,1993-05-14,Uganda,Pinkiehaven
Dedrick,Sauer,2002-04-22,Monaco,Prosaccomouth
Norval,Mayer,1999-05-25,Liberia,"North Sarahshire"
Alvera,Fahey,2017-10-21,Israel,Haleyton
Gabrielle,Weimann,1997-11-25,Uruguay,"North Loyce"
Ofelia,Cummings,2009-12-03,"Czech Republic","West Hymanmouth"
Ashley,Schiller,1970-12-06,Moldova,"Port Kimberly"
Colleen,Huels,2000-11-26,Tanzania,"Port Eugene"
Jarret,Hickle,2007-09-21,Ghana,Blockshire
Armani,Rohan,1979-05-29,Turkey,Amirside
Patricia,Breitenberg,2018-05-24,Greenland,"South Magdalenafort"
Trevion,Schuppe,1972-09-04,"El Salvador","North Clementine"
Tracey,Hickle,2013-06-24,Germany,"New Maude"
Archibald,Hintz,2009-03-02,Aruba,"New Maziemouth"
Gwen,Hirthe,1974-01-21,"New Zealand",Maximemouth
Kariane,Herzog,1991-02-09,"Cook Islands","Port Earnestine"
Sammie,Kihn,2014-07-08,"Equatorial Guinea","North Tommiemouth"
Jedidiah,Wintheiser,2006-11-13,Iraq,"Lake Brant"
Maiya,Klocko,1985-11-26,"Falkland Islands (Malvinas)","Lake Shanyburgh"
Ilene,Stamm,2019-07-25,Slovenia,"Port Chaz"
Rhea,Simonis,2002-03-22,Guinea-Bissau,"New Keely"
Wilton,Trantow,1986-06-29,Zimbabwe,"Lake Marc"
Demetris,Sawayn,1984-12-08,Guadeloupe,"New Kathryne"
Lula,Flatley,2013-03-30,Andorra,"West Madge"
Hunter,Gottlieb,2014-08-17,Pakistan,"Lake Monteburgh"
Ilene,Schaefer,1978-02-22,Guadeloupe,"Lake Emmet"
Sophia,Rempel,1983-01-08,"French Southern Territories",Pricefurt
Melvina,Ferry,2011-06-05,"Czech Republic",Kautzerside
Layne,Hoppe,2019-08-19,"Falkland Islands (Malvinas)",Orionmouth
Kariane,Wuckert,1989-05-13,Norway,Efrenland
Alfonzo,Powlowski,1984-10-27,Barbados,Emiechester
Jacinthe,White,2012-08-04,Ghana,Franeckiport
Mike,Fadel,1988-06-28,"Sri Lanka",Rebeccaview
Terrell,Berge,2008-07-20,Peru,Heaneybury
Roel,Thiel,2009-12-21,Macao,Felicialand
Ruben,Rolfson,2005-06-17,Pakistan,"South Aric"
Rosalia,Wilderman,2004-08-24,Guinea,"North Elroytown"
Zella,Gulgowski,1990-04-11,Algeria,Clintside
Xzavier,Wiza,1999-11-26,"Saint Pierre and Miquelon",DuBuqueport
Erin,Reynolds,1985-06-04,Canada,Astridstad
Georgianna,Turcotte,1994-07-13,"United States of America","West Deloreshaven"
Ariel,Ward,2002-07-14,"Christmas Island",Hodkiewiczton
Darrel,O'Reilly,2015-12-19,"British Indian Ocean Territory (Chagos Archipelago)",Alaynaborough
Lewis,Connelly,1996-07-22,Nigeria,Unaview
Darion,Bosco,2003-02-10,Kazakhstan,O'Keefeton
Amira,Marquardt,2014-03-01,"Saint Vincent and the Grenadines","West Danialborough"
Alva,Haley,2002-10-03,Zimbabwe,"Port Ephraimville"
Jayson,Quigley,2002-02-03,"Puerto Rico",Burdetteton
Grant,Greenfelder,1999-12-14,Guyana,"Port Vincenzaview"
Abdiel,King,2006-12-18,Nigeria,"South Jermaintown"
Lee,Wilderman,2015-04-29,"Western Sahara",Destinimouth
Liam,Berge,1999-05-04,"Cote d'Ivoire","North Claudehaven"
Pansy,Murray,1992-07-15,Bolivia,Flatleyfurt
Tracy,Fahey,1993-04-07,Albania,Paigefurt
Trycia,Jacobs,1978-03-31,Algeria,Chesterhaven
Elenor,Langosh,1986-04-08,Madagascar,Novellachester
Alexane,Lehner,2008-10-30,"Marshall Islands","North Magalistad"
Chelsea,Kuhn,2014-09-12,"Heard Island and McDonald Islands",Guyville
Vivian,White,1973-02-22,Canada,Loganland
Casimir,Waelchi,1974-10-11,Slovenia,Audreyborough
Helena,Schinner,2018-06-11,Malaysia,Hegmannbury
Burnice,Nader,1973-09-17,Tuvalu,"West Dollyfurt"
Emely,Hermann,1994-04-24,Chile,Dooleystad
Irving,Braun,2011-06-09,"Cote d'Ivoire","Lake Serena"
Rex,Boehm,2013-01-08,Namibia,"South Louvenia"
Amalia,Rowe,2011-09-05,India,Bartellmouth
Major,Zieme,2006-04-30,"Cote d'Ivoire","Port Mateo"
Fermin,Jast,2008-05-28,"United Arab Emirates","Lake Franciscamouth"
Sam,McDermott,2019-06-07,Suriname,Lednerberg
Zachery,Rau,1994-11-16,"Syrian Arab Republic","New Arno"
Monica,Waelchi,2006-12-05,Palau,Jaylenchester
Polly,Hand,2013-10-21,Guam,Roderickhaven
Oliver,Waelchi,1996-08-07,Tokelau,"Lake Obie"
Oceane,Moore,1989-08-25,Malaysia,Kirlinchester
Josiah,Cummings,2001-10-16,Azerbaijan,"East Nayeliborough"
Jazlyn,Schowalter,2017-06-25,Burundi,Hassietown
Howard,Nitzsche,2020-07-09,"South Georgia and the South Sandwich Islands","North Osvaldo"
Aliya,Blanda,1994-09-10,Greenland,Kemmerton
Kim,Heaney,2000-05-31,Eritrea,Lynnport
Wade,Green,1995-08-09,Madagascar,"West Hunter"
Malcolm,Satterfield,2022-05-23,Sudan,"East Pascaleport"
Darius,Waelchi,2022-09-16,Georgia,"North Dextertown"
Eveline,Kirlin,1997-07-09,Norway,"Port Kenyashire"
Tamia,Mayer,1996-05-04,Gambia,"North Kenfurt"
Kieran,Doyle,1989-12-17,Israel,"North Jacinthe"
Amari,Ullrich,1978-11-03,Kenya,"South Drake"
Carter,Morissette,2013-03-03,Andorra,"Port Vincentmouth"
Dean,Klocko,2005-06-03,Portugal,"West Rogerburgh"
Veronica,Bradtke,1987-10-28,Turkey,Taniaside
Katharina,Fritsch,1973-11-25,Finland,Cristinaview
Maryjane,Glover,1986-06-05,"Pitcairn Islands",Hettingerberg
Reina,Hartmann,1979-10-16,Anguilla,"Port Bennie"
Oceane,Ondricka,2020-12-07,Croatia,Schoenview
Anita,Powlowski,2001-09-24,Bangladesh,Andretown
Ari,Strosin,1979-09-21,"Hong Kong",Maximilianton
Annette,Beahan,1979-10-10,Tokelau,Armstrongmouth
Vincenza,Davis,1986-05-03,Kenya,Casperview
Enola,Fadel,2007-02-04,Lesotho,"Port Wiley"
Colton,Bashirian,2011-04-27,"Saint Vincent and the Grenadines",Alethaberg
Kimberly,Kemmer,2012-10-29,"Norfolk Island","East Kianamouth"
Christophe,Olson,2002-02-17,Kenya,Miraclemouth
Lucile,Fahey,2020-12-20,"Equatorial Guinea",Urielmouth
Boyd,Beahan,2014-04-01,Vietnam,Dimitriville
Salvatore,Greenholt,1991-06-05,Tokelau,Violaland
Sage,Lemke,2008-09-27,Rwanda,Lynchchester
Margarita,Haag,2006-12-18,Barbados,Rohanport
Clint,Schultz,1974-05-16,"Brunei Darussalam",Willyfurt
Robyn,Cartwright,2016-01-03,Montenegro,"Port Jackelineton"
Junior,Zieme,2005-10-17,"French Guiana","East Nashton"
Linnie,Cole,1991-11-10,"British Virgin Islands","South Jordynborough"
Garland,Pollich,1976-04-08,Mauritania,"West Edenmouth"
Alexander,Lesch,1985-07-12,Guatemala,"New Lynnmouth"
Nola,Turner,1976-09-06,Sweden,"East Gilbertburgh"
Richard,Braun,2022-02-03,"Slovakia (Slovak Republic)","North Joanyhaven"
Georgianna,Stamm,1987-12-03,Gambia,Framiborough
Mortimer,Langosh,1983-03-17,Sweden,Pearliechester
Ignacio,Nicolas,2012-12-14,"Heard Island and McDonald Islands",Prosaccoborough
Kobe,Bartoletti,2018-12-18,Malta,Zulaufton
Bernie,Roberts,2016-11-07,"Sao Tome and Principe",Walterhaven
Lily,Paucek,1976-06-24,Timor-Leste,"South Bo"
Edna,Walker,2023-02-27,"Turks and Caicos Islands","Lake Nash"
Malinda,Runolfsson,1984-03-03,"Saint Vincent and the Grenadines","East Elta"
Bethany,Willms,2019-06-07,Hungary,"New Rhea"
Victoria,Shanahan,1996-05-08,Hungary,"South Hubert"
Marlene,Rolfson,1986-05-21,Micronesia,"East Ayden"
Ward,Carter,1989-01-06,Bermuda,"Lake Fabiola"
Cortney,Hoeger,1997-11-02,"Lao People's Democratic Republic",Doylefurt
Marc,Pfeffer,1978-09-15,Burundi,Adolphusland
Keith,Hoppe,2011-01-10,Belize,Bartonstad
Chance,Witting,1973-01-25,Greenland,"Lake Osvaldo"
Erica,Hamill,1988-11-21,"Sao Tome and Principe","New Micah"
Maiya,Walker,2008-06-07,Haiti,"East Bryanaburgh"
Gloria,Blanda,2017-11-04,Yemen,Maurineton
Tatum,Koch,1977-01-28,Cuba,"South Estebanberg"
Jaleel,Gutkowski,2020-11-13,"Saint Helena",Markston
Furman,Durgan,2017-01-26,Cyprus,Hermistonberg
Keagan,Jones,1998-11-13,Norway,Schinnerchester
Violette,Wilderman,2012-08-28,Argentina,Adamsmouth
Joan,Oberbrunner,2006-11-21,Paraguay,Bradtkeview
Josianne,Kub,2004-09-28,Uruguay,Kunzemouth
Demarco,Hamill,1988-07-11,Belgium,"South Makenna"
Darien,Kling,2005-05-25,Vanuatu,"New Wavaberg"
Libby,McLaughlin,1978-06-25,"Falkland Islands (Malvinas)","East Frederickland"
Ronny,Windler,1971-11-22,"Heard Island and McDonald Islands",Veronicaport
Marco,Koepp,2021-12-03,Japan,"Lake Nathanaelberg"
Aric,Towne,1977-09-18,"Svalbard & Jan Mayen Islands",Geneshire
Malika,Gislason,2017-02-05,Greece,"North Donny"
Halle,Roberts,1972-09-15,Chile,Oscarmouth
Lilyan,Ruecker,1992-06-29,Malawi,Brigittebury
Dusty,Collier,2018-05-12,Canada,"Lake Jefferey"
Berneice,Heaney,1970-09-19,Comoros,"North Dandre"
Alexandrine,Will,2017-11-18,Georgia,Stantonview
Eugenia,Pollich,2022-05-20,"Marshall Islands","Lake Ronaldo"
Celine,Franecki,2019-12-07,"Antarctica (the territory South of 60 deg S)","West Camdenmouth"
Benjamin,Quigley,1976-12-22,"Dominican Republic",Beckerfurt
Susana,Swift,2018-05-23,"United Kingdom",Jacquelynstad
Ivah,Wyman,2001-04-28,Austria,Karianeside
Trystan,Murazik,1989-08-27,"Dominican Republic",Pacochaburgh
Lew,Mraz,1974-07-22,Bhutan,Jaidenburgh
Mellie,Denesik,2022-07-02,"Burkina Faso","East Antoniofort"
Isobel,Runte,2008-04-25,"New Caledonia",Yvonneview
Jewel,Homenick,1990-07-02,Kiribati,"Port Theodora"
Braeden,McGlynn,1980-10-22,Sudan,Mayechester
Pauline,Mayert,1990-09-01,Ecuador,"Lake Patrickshire"
Rhianna,Leffler,2015-09-23,Portugal,Sanfordshire
Yesenia,Lynch,2014-03-09,Tajikistan,"South Kody"
Bart,Cassin,2012-11-22,Azerbaijan,Fishershire
Yvette,Littel,1982-11-05,"Burkina Faso",Funkport
Brennon,Lowe,1977-01-11,Bahrain,Schneiderland
Ryder,Sawayn,2011-01-01,Kuwait,"East Isidro"
Dell,Jenkins,1987-01-12,France,"East Marlen"
Greta,Abernathy,2017-12-02,"Papua New Guinea","South Frieda"
Onie,Rath,1983-12-02,Romania,Sauershire
Raymond,Ankunding,1990-06-06,"Faroe Islands","Lake Frederik"
Jermain,Feil,2009-01-21,Liechtenstein,Ilamouth
Scotty,Lubowitz,2010-02-07,Madagascar,"Port Otilia"
Maci,Waters,1999-01-22,India,"East Chester"
Peggie,Bayer,2002-08-22,Martinique,"North Maryamfort"
Sherman,Howe,1993-11-12,Montenegro,Mikelchester
Lisa,Bernhard,1980-04-11,Iraq,Ryleefurt
Ena,Baumbach,1999-10-29,Bangladesh,Meganehaven
Mozell,Reichel,2010-09-17,Greenland,Friesenton
Candida,Veum,2013-03-24,"French Polynesia","West Helga"
Carmela,Parker,1985-06-29,Denmark,"East Domenicoton"
Ciara,Von,1985-11-03,Aruba,"Port Gene"
Ena,Greenfelder,1984-10-01,Namibia,"West Johnnieland"
Quinton,Stiedemann,2022-12-13,Bahamas,Prosaccoport
Joany,Dare,1978-03-29,Serbia,"West Priscilla"
Carter,Weissnat,2023-02-22,Singapore,Powlowskifurt
Leta,O'Conner,1973-02-15,Korea,Jessystad
Vince,Strosin,1971-09-20,Panama,Elenaburgh
Carmelo,Hermann,1978-04-26,"Dominican Republic","East Josefinastad"
Cristina,D'Amore,2012-02-17,Vietnam,Selenaview
Jillian,Bode,1973-08-30,"Slovakia (Slovak Republic)",Marcusberg
Ashley,Flatley,1976-02-12,"Russian Federation","East Turnerbury"
Royal,Cronin,1988-12-01,Mauritania,Homenickville
Larissa,Dietrich,2019-07-08,Honduras,Albinaton
Jennifer,Kuphal,2022-01-22,Switzerland,"New Thea"
Kurtis,Bode,1984-05-02,"United States Virgin Islands","West Heidichester"
Kailey,Grant,1972-01-27,Iceland,Frederickchester
Garett,Konopelski,2022-11-11,Malta,Ritchiefort
Neha,Hudson,2016-10-07,"Saint Helena","South Adolphusview"
Eleanore,Gorczany,2021-10-13,Qatar,"South Leonemouth"
Darien,Stracke,2011-01-16,"Sao Tome and Principe","West Donniestad"
Rex,Goldner,1998-05-25,Romania,"Port Jedidiah"
Emil,Hansen,2005-01-23,"Holy See (Vatican City State)",Effertzland
Adolphus,Osinski,2017-07-24,"Bosnia and Herzegovina","West Oran"
Davin,Kassulke,2011-06-14,Mali,VonRuedenville
Carlie,Shanahan,1981-03-02,Namibia,Brooklynhaven
Eileen,Hagenes,1981-07-07,"Saint Helena",Darwinshire
Angie,Jacobi,1978-02-21,Gibraltar,Moenland
Giovanni,Cummerata,1992-10-04,Bangladesh,Selmertown
Javonte,Medhurst,2016-08-08,"Cocos (Keeling) Islands","West Jadenburgh"
Myrtis,Kulas,1976-06-12,Korea,"East Jairo"
Mason,Russel,2018-11-13,Grenada,Marquesport
Bartholome,D'Amore,1996-06-11,Sweden,"West Titus"
Tabitha,Fritsch,2017-11-03,Vanuatu,Schroederchester
Forest,Brown,1987-02-17,Chad,"Lake Price"
Erwin,Pouros,2021-02-02,"Norfolk Island",Ceasarchester
Uriel,Ziemann,1971-04-01,"Christmas Island","Lake Kaia"
Jeramy,McClure,2023-03-03,"United States Virgin Islands",O'Connellbury
Alysa,Schuster,2017-06-29,Swaziland,Geofort
Dahlia,Ullrich,1971-01-16,Mayotte,Wolffberg
Louisa,Grant,1979-12-10,Afghanistan,Rosalynside
Hildegard,Goodwin,1977-06-10,Swaziland,Agustinaborough
Torey,Kuhic,2002-03-18,Liechtenstein,"West Destiniside"
Cesar,Hamill,1979-07-30,"United States of America","West Adrienmouth"
Randal,Okuneva,2000-08-28,Fiji,Demondfort
Alda,Ruecker,1987-09-30,Israel,Kevonshire
Kenyon,Sipes,2014-04-20,India,Crystelside
Era,Dietrich,1985-03-14,Anguilla,Christberg
Madelyn,Thiel,1993-05-19,Moldova,Marcelside
Eulalia,Gislason,1997-12-22,"Russian Federation",Letabury
Nora,Dare,2021-08-19,Kuwait,Cecileton
Baby,Grimes,1987-02-28,Korea,Hardybury
Stone,Homenick,1997-03-07,Ukraine,Majormouth
Bell,Glover,2005-03-12,Uzbekistan,"Lake Billyhaven"
Toney,Tillman,1984-06-23,Sweden,"West Breana"
Verna,Waters,1974-05-12,Greenland,Erikstad
Kathleen,Nienow,2000-12-23,Kuwait,"North Elnora"
Junior,Kuhic,2007-05-17,"Northern Mariana Islands","Port Mathiasborough"
Marcelo,Rutherford,2021-08-31,Grenada,Randiborough
Ezekiel,Olson,1988-03-08,Mauritania,"Lake Devyn"
Jaydon,Gusikowski,1989-03-01,Bulgaria,"Port Lewis"
Vince,Collins,2007-11-09,Niger,"New Kennethborough"
Emilia,Price,2017-10-28,Jordan,Yundtside
Mafalda,Kutch,1979-10-16,Lesotho,Herminioport
Ulises,Wilkinson,1986-06-15,Macao,"North Cassandre"
Fidel,Grady,2014-11-24,"New Caledonia",Rustyfort
Narciso,O'Hara,1976-08-20,Eritrea,"North Katrine"
Felipe,Streich,1970-05-27,Cuba,Leschview
Shyanne,Hansen,2008-09-17,Zambia,"South Genestad"
Bobbie,Gerhold,1999-04-28,Singapore,"Port Jaylan"
Filiberto,Dickinson,2016-02-12,"Libyan Arab Jamahiriya",Mrazchester
Mara,Brekke,2004-11-10,Haiti,"East Marysebury"
Simone,Nicolas,1991-02-15,Bahamas,"East Jonathanchester"
Judy,VonRueden,1980-06-14,Aruba,"East Christophefurt"
Rowland,Labadie,1978-02-28,Cameroon,"East Aurelia"
Keon,Abshire,2019-02-16,Namibia,Jastburgh
Kendra,Beatty,2001-04-21,"Brunei Darussalam",Mitchellview
Elyssa,Larson,2014-05-13,"Bosnia and Herzegovina","Lake Roderickbury"
Perry,Koch,1976-08-20,"United Arab Emirates","South Martin"
Willy,Koepp,1986-09-25,"Czech Republic","West Jordy"
Ilene,Predovic,1991-10-05,"Marshall Islands",Wunschside
Beverly,Little,1982-04-30,Botswana,"Lake Caterina"
Emory,Kessler,2010-12-26,Indonesia,Stehrmouth
Ova,Zieme,1970-03-19,Suriname,"East Jewellchester"
Pierce,Stanton,2000-12-09,Vanuatu,"New Rupert"
Jevon,Raynor,1980-05-05,Lithuania,Medhurststad
Augustine,Ryan,1978-04-28,Australia,Marjoryville
Kennedi,Robel,1975-03-17,Mayotte,Gloverville
Lisette,Lesch,1978-05-05,"Burkina Faso",Kendratown
Tristin,Friesen,1979-12-21,Egypt,"Port Marie"
Hallie,McDermott,1999-06-29,"British Indian Ocean Territory (Chagos Archipelago)","North Johathan"
Rebecca,Windler,2015-01-20,Samoa,Huelchester
Lucy,Howell,2006-08-17,"Svalbard & Jan Mayen Islands","New Mazie"
Veronica,Kessler,2022-10-28,Yemen,Pansyberg
Molly,Cormier,2008-05-09,Senegal,Albinachester
Tia,Hansen,1972-11-27,Mozambique,"South Ricoberg"
Lisandro,Rohan,1988-11-25,Romania,"West Weldon"
Berry,Greenfelder,1982-07-18,Taiwan,Seantown
Maurice,Collins,1984-09-05,"Brunei Darussalam",Lexiberg
Rico,Hansen,2014-01-12,"Syrian Arab Republic",Malindaport
Jon,Cruickshank,1971-11-10,Vanuatu,Dietrichmouth
Jeffry,Cronin,1983-05-03,Mauritania,"East Ashleemouth"
Mateo,Wisozk,2020-12-04,Afghanistan,Hiltonview
Agustin,Zboncak,2006-09-02,"Sierra Leone",Sauershire
Candelario,Schmitt,2019-08-30,"Saint Pierre and Miquelon",Klockoshire
Skylar,Koelpin,1982-03-22,Honduras,"South Christophe"
Jay,Herman,1985-10-10,"Syrian Arab Republic",Pollichside
Heaven,Fadel,1994-08-25,Brazil,"North Lunaview"
Edmund,Conroy,2021-10-15,Ecuador,"Lake Osbornebury"
Eden,Jakubowski,1995-04-30,Eritrea,Shieldsland
Terrill,Rowe,2020-09-18,"Sao Tome and Principe",Ednamouth
Gwendolyn,Pouros,2010-05-24,"Saint Barthelemy","Lake Chauncey"
Hollis,Waters,2020-04-19,"El Salvador","South Ulisesshire"
Reese,Runolfsdottir,2006-10-21,"Norfolk Island",Johathanmouth
Freeda,Schoen,1992-01-31,Greece,"New Rheaburgh"
Oda,Hegmann,2009-12-08,Tajikistan,Runolfsdottirland
Jaylen,McGlynn,1977-07-06,Haiti,"East Hal"
Elinor,Schamberger,1996-05-07,"Northern Mariana Islands",Aufderharborough
Ethyl,Bernier,1970-05-29,Belgium,Danetown
Naomi,O'Reilly,1989-07-10,Chile,Magdalenaberg
Kian,Boehm,2009-08-04,Niue,"Lake Creola"
Ezra,O'Kon,1991-04-19,"United States Virgin Islands","East Ferne"
Trey,Williamson,1981-05-21,Grenada,Sipeschester
Elisha,Reilly,1993-06-06,Brazil,Juneland
Elian,Nolan,2019-05-28,Seychelles,Bauchview
Landen,Rolfson,2020-07-17,Montserrat,Coryview
Casey,Kiehn,1986-12-01,Uganda,Predovicchester
Marcelo,DuBuque,1973-05-14,Guadeloupe,Elmerfort
Francisco,Langosh,2021-09-21,"Sierra Leone","West Gennaro"
Ulices,Nicolas,2001-09-17,Botswana,"West Selmerview"
Bruce,Emard,2015-10-10,Cuba,Omerton
Lily,Spinka,2001-11-22,Canada,"West Winfield"
Francisca,Davis,1991-12-11,Myanmar,Joville
Camilla,Stark,2021-01-24,Lithuania,Louieville
Barney,Hirthe,1982-10-24,Ireland,Casandrafort
Ismael,Koch,2014-10-05,"Antigua and Barbuda",Cassinshire
Evie,Bernier,1991-08-18,Turkmenistan,"Lake Kelli"
Adolf,Kutch,1978-01-05,Mozambique,Janicefort
Berniece,Botsford,2003-03-30,Uruguay,"South Anita"
Nathaniel,Bogisich,1986-07-02,Ecuador,"Port Kendrick"
Shad,Kovacek,2007-04-24,Seychelles,Bernardshire
Gladys,Stark,1979-04-30,Turkey,"West Emie"
Gilda,Powlowski,2022-02-23,Anguilla,Cormierburgh
Richmond,Baumbach,2018-07-21,"Antarctica (the territory South of 60 deg S)","West Gardnershire"
Earl,Gleichner,1993-12-17,Macedonia,"Port Salma"
Diana,Mitchell,1986-02-07,Ghana,Antonetteton
Alexzander,Hettinger,2005-09-16,"Syrian Arab Republic",Bartolettihaven
Garret,Roob,2000-07-28,Samoa,Mitchellshire
Carmine,Sauer,1979-04-18,Thailand,"New Tessie"
Lue,Hammes,1989-04-21,"Heard Island and McDonald Islands",Hettingerstad
Eloisa,Jerde,2019-07-01,Honduras,"West Micheleport"
Roma,Bartell,1996-09-25,Mozambique,"East Caseyborough"
Lazaro,Dickinson,2020-05-28,Chad,"South Orin"
Miguel,Huel,1977-05-11,Colombia,Issacstad
Vito,Hayes,1975-05-21,Yemen,Kohlerborough
Amya,Hoppe,2016-10-06,Korea,"North Louveniaton"
Pamela,Stracke,1990-12-08,Comoros,Sedrickside
Delfina,Kautzer,2012-01-26,Kenya,Stanfordfurt
Eileen,Doyle,1980-09-22,Yemen,"New Madelynfort"
Florida,Romaguera,1990-10-28,"Antarctica (the territory South of 60 deg S)","Lake Dejonstad"
Hester,Tremblay,1998-03-05,Tunisia,Mitchelland
Nola,Adams,1977-04-05,"Saint Lucia","North Mia"
Hillard,Ebert,2009-04-23,Indonesia,"South Lucyshire"
Wendell,Collier,1991-06-30,Monaco,"West Sigurd"
Angelita,Gutkowski,2000-05-21,Belize,Willmstown
Rusty,Runolfsson,1972-06-07,"Solomon Islands",O'Connellview
Christophe,O'Hara,1997-03-09,Armenia,"East Eleanoratown"
Kenya,O'Conner,2008-09-30,Uganda,"West Rita"
Mollie,Walsh,1971-12-22,"Cayman Islands",Ezequielview
Wellington,Leffler,2009-02-11,"Marshall Islands",Bayerfort
Murphy,Goyette,1988-06-07,Romania,Trantowshire
Kassandra,Mueller,1975-02-23,Mali,Johnstonborough
Rebekah,Hamill,1989-02-24,Estonia,"East Silashaven"
Gus,Braun,1978-05-28,Chad,"East Samantafort"
Terry,Senger,2011-05-13,"Equatorial Guinea","North Casey"
Barney,Predovic,1990-03-29,"Sao Tome and Principe","South Annamae"
Luis,Mante,1970-03-26,India,"Lake Jakaylafurt"
Michaela,McGlynn,1991-07-26,Grenada,"South Kaleighborough"
Melany,Wehner,1984-06-18,"Russian Federation","New Elbertmouth"
